"id","full_name","first_name","last_name","email","gender","age"
"19","Clair Skillern","Clair","Skillern","cskillerng@nih.gov","Male",""
"9","Eunice Blakebrough","Eunice","Blakebrough","eblakebrough8@sohu.com","Female","45"
"15","Eden Wace","Eden","Wace","ewacee@marriott.com","Female","16"
"7","Franz Castello","Franz","Castello","fcastello6@1688.com","Male","25"
"6","Hasty Perdue","Hasty","Perdue","hperdue5@qq.com","","77"
"8","Jorge Tarney","Jorge","Tarney","jtarney7@ft.com","Male","77"
"10","Kristopher Frankcombe","Kristopher","Frankcombe","kfrankcombe9@slate.com","Male",""
"2","Kenyon Possek","Kenyon","Possek","kpossek1@ucoz.com","Male","12"
"12","Luz Lansdowne","Luz","Lansdowne","llansdowneb@theguardian.com","Female","16"
"3","Lalo Manifould","Lalo","Manifould","lmanifould2@pbs.org","Male","26"
"20","Mathew Addicott","Mathew","Addicott","maddicotth@acquirethisname.com","Male","65"
"1","Mariel Finnigan","Mariel","Finnigan","mfinnigan0@usda.gov","Female","60"
"13","Modestia Keble","Modestia","Keble","mkeblec@cmu.edu","Female","91"
"21","Maurits Shawl","Maurits","Shawl","mshawlj@dmoz.org","Male","72"
"4","Nickola Carous","Nickola","Carous","ncarous3@phoca.cz","Male","4"
"5","Norman Dubbin","Norman","Dubbin","ndubbin4@wikipedia.org","Male","17"
"11","Palm Domotor","Palm","Domotor","pdomotora@github.io","Male","6"
"14","Stacee Bovis","Stacee","Bovis","sbovisd@webeden.co.uk","Female","22"
"17","Tobias Sherburn","Tobias","Sherburn","tsherburnf@facebook.com","Male","2"
